Workbook

Sheet nebuleair_export (1)
A1: time | B1: pm1 | C1: pm25 | D1: pm10 | E1: temperature | F1: humidite
A2: 2026-01-26T16:00:00.000Z | B2: 1.9366667 | C2: 2.6766667 | D2: 3.8233333 | E2: 16.499333 | F2: 35.440333
A3: 2026-01-26T16:15:00.000Z | B3: 2.16 | C3: 3.1566667 | D3: 4.8966667 | E3: 15.860667 | F3: 36.744333
A4: 2026-01-26T16:30:00.000Z | B4: 1.56 | C4: 2.1733333 | D4: 2.8666667 | E4: 15.481 | F4: 37.166667
A5: 2026-01-26T16:45:00.000Z | B5: 1.5966667 | C5: 2.1566667 | D5: 2.7566667 | E5: 15.113 | F5: 38.077
A6: 2026-01-26T17:00:00.000Z | B6: 1.43 | C6: 1.97 | D6: 2.6533333 | E6: 14.551 | F6: 38.665
A7: 2026-01-26T17:15:00.000Z | B7: 2.2966667 | C7: 3.1566667 | D7: 4.1366667 | E7: 14.379 | F7: 39.295667
A8: 2026-01-26T17:30:00.000Z | B8: 2.2 | C8: 3.0933333 | D8: 4.2033333 | E8: 14.372 | F8: 39.074333
A9: 2026-01-26T17:45:00.000Z | B9: 2.99 | C9: 3.9466667 | D9: 5.45 | E9: 14.236 | F9: 39.576667
A10: 2026-01-26T18:00:00.000Z | B10: 3.2266667 | C10: 4.77 | D10: 6.3066667 | E10: 14.023667 | F10: 39.910333
A11: 2026-01-26T18:15:00.000Z | B11: 2.4966667 | C11: 3.79 | D11: 4.7633333 | E11: 13.721667 | F11: 40.475
A12: 2026-01-26T18:30:00.000Z | B12: 2.78 | C12: 3.5733333 | D12: 4.72 | E12: 13.515667 | F12: 41.010333
A13: 2026-01-26T18:45:00.000Z | B13: 2.8133333 | C13: 3.8966667 | D13: 4.7 | E13: 13.290333 | F13: 41.502
... A1046: 2026-02-06T13:00:00.000Z | B1046: 2.6233333 | C1046: 4.0666667 | D1046: 6.06 | E1046: 22.480333 | F1046: 42.071

Sheet MRS-LCP
A1: Column1 | B1: Column2 | C1: Column3 | D1: Column4 | E1: Column5 | F1: Column6 | G1: Column7 | H1: Column8 | I1: Column9
A2: Données NON validées
A3: Dates | B3: CINQAV - PM1 FIDAS CINQAV microg/m3 | D3: CINQAV - PM25 FIDAS 5AV microg/m3 | F3: CINQAV - PM10 FIDAS CINQAV microg/m3 | H3: CINQAV - CO2 Mars_Longchamp ppmv
A4: 26/01/2026 00:15 | B4: 4.2 | C4: A | D4: 5.5 | E4: A | F4: 7.1 | G4: A | H4: 443.84 | I4: A
A5: 26/01/2026 00:30 | B5: 4.3 | C5: A | D5: 5.6 | E5: A | F5: 7.8 | G5: A | H5: 442.64 | I5: A
A6: 26/01/2026 00:45 | B6: 4.4 | C6: A | D6: 5.7 | E6: A | F6: 8.2 | G6: A | H6: 443.76 | I6: A
A7: 26/01/2026 01:00 | B7: 4.6 | C7: A | D7: 5.8 | E7: A | F7: 8.1 | G7: A | H7: 443.45 | I7: A
A8: 26/01/2026 01:15 | B8: 4.1 | C8: A | D8: 5.2 | E8: A | F8: 7.1 | G8: A | H8: 443.66 | I8: A
A9: 26/01/2026 01:30 | B9: 3.7 | C9: A | D9: 4.9 | E9: A | F9: 6.5 | G9: A | H9: 443.41 | I9: A
A10: 26/01/2026 01:45 | B10: 3.7 | C10: A | D10: 4.8 | E10: A | F10: 6.9 | G10: A | H10: 442.46 | I10: A
A11: 26/01/2026 02:00 | B11: 3.4 | C11: A | D11: 4.5 | E11: A | F11: 6.1 | G11: A | H11: 442.30 | I11: A
A12: 26/01/2026 02:15 | B12: 3.3 | C12: A | D12: 4.3 | E12: A | F12: 5.6 | G12: A | H12: 442.86 | I12: A
A13: 26/01/2026 02:30 | B13: 3.4 | C13: A | D13: 4.4 | E13: A | F13: 6.0 | G13: A | H13: 444.49 | I13: A
A14: 26/01/2026 02:45 | B14: 3.6 | C14: A | D14: 4.4 | E14: A | F14: 5.5 | G14: A | H14: 446.02 | I14: A
A15: 26/01/2026 03:00 | B15: 3.5 | C15: A | D15: 4.4 | E15: A | F15: 5.2 | G15: A | H15: 446.41 | I15: A
... A1412: 09/02/2026 16:15 | B1412: 1.9 | C1412: A | D1412: 2.6 | E1412: A | F1412: 4.9 | G1412: A | H1412: 440.87 | I1412: A
A1413: 09/02/2026 16:30 | C1413: N | E1413: N | G1413: N | I1413: N
A1414: 09/02/2026 16:45 | C1414: N | E1414: N | G1414: N | I1414: N
A1415: 09/02/2026 17:00 | C1415: N | E1415: N | G1415: N | I1415: N
A1416: 09/02/2026 17:15 | C1416: N | E1416: N | G1416: N | I1416: N
A1417: 09/02/2026 17:30 | C1417: N | E1417: N | G1417: N | I1417: N
A1418: 09/02/2026 17:45 | C1418: N | E1418: N | G1418: N | I1418: N
A1419: 09/02/2026 18:00 | C1419: N | E1419: N | G1419: N | I1419: N
A1420: 09/02/2026 18:15 | C1420: N | E1420: N | G1420: N | I1420: N
A1421: 09/02/2026 18:30 | C1421: N | E1421: N | G1421: N | I1421: N
A1422: 09/02/2026 18:45 | C1422: N | E1422: N | G1422: N | I1422: N
A1423: 09/02/2026 19:00 | C1423: N | E1423: N | G1423: N | I1423: N
A1424: 09/02/2026 19:15 | C1424: N | E1424: N | G1424: N | I1424: N
... A1443: 09/02/2026 24:00 | C1443: N | E1443: N | G1443: N | I1443: N

Sheet Comparaison
A1: Dates | B1: pm1 | C1: pm25 | D1: pm10 | F1: CINQAV - PM1 FIDAS CINQAV microg/m3 | G1: CINQAV - PM25 FIDAS 5AV microg/m3 | H1: CINQAV - PM10
A2: 26/01/2026 16:00 | B2: 1.9366667 | C2: 2.6766667 | D2: 3.8233333 | F2: 1.9 | G2: 2.9 | H2: 6.2
A3: 26/01/2026 16:15 | B3: 2.16 | C3: 3.1566667 | D3: 4.8966667 | F3: 2 | G3: 3.2 | H3: 8.9
A4: 26/01/2026 16:30 | B4: 1.56 | C4: 2.1733333 | D4: 2.8666667 | F4: 2.2 | G4: 4.3 | H4: 13.2
A5: 26/01/2026 16:45 | B5: 1.5966667 | C5: 2.1566667 | D5: 2.7566667 | F5: 2 | G5: 3 | H5: 7.8
A6: 26/01/2026 17:00 | B6: 1.43 | C6: 1.97 | D6: 2.6533333 | F6: 2.2 | G6: 3 | H6: 5.5
A7: 26/01/2026 17:15 | B7: 2.2966667 | C7: 3.1566667 | D7: 4.1366667 | F7: 2.3 | G7: 3.1 | H7: 5.6
A8: 26/01/2026 17:30 | B8: 2.2 | C8: 3.0933333 | D8: 4.2033333 | F8: 2.6 | G8: 3.4 | H8: 5.5
A9: 26/01/2026 17:45 | B9: 2.99 | C9: 3.9466667 | D9: 5.45 | F9: 2.8 | G9: 3.6 | H9: 5.9
A10: 26/01/2026 18:00 | B10: 3.2266667 | C10: 4.77 | D10: 6.3066667 | F10: 3.7 | G10: 4.9 | H10: 8.9
A11: 26/01/2026 18:15 | B11: 2.4966667 | C11: 3.79 | D11: 4.7633333 | F11: 4 | G11: 5 | H11: 8.2
A12: 26/01/2026 18:30 | B12: 2.78 | C12: 3.5733333 | D12: 4.72 | F12: 4.3 | G12: 5.2 | H12: 7.9
A13: 26/01/2026 18:45 | B13: 2.8133333 | C13: 3.8966667 | D13: 4.7 | F13: 4.5 | G13: 5.6 | H13: 8.9
... A1046: 06/02/2026 13:00 | B1046: 2.6233333 | C1046: 4.0666667 | D1046: 6.06 | F1046: 3.9 | G1046: 6.8 | H1046: 16.1
A1047: 06/02/2026 13:15
A1048: 06/02/2026 13:30
A1049: 06/02/2026 13:45
A1050: 06/02/2026 14:00
A1051: 06/02/2026 14:15
A1052: 06/02/2026 14:30
A1053: 06/02/2026 14:45
A1054: 06/02/2026 15:00
A1055: 06/02/2026 15:15
A1056: 06/02/2026 15:30
A1057: 06/02/2026 15:45
A1058: 06/02/2026 16:00
... A1347: 09/02/2026 16:15

Sheet Correction
A1: Corrigé | B1: pm1 | C1: pm25 | D1: pm10
A2: 26/01/2026 16:00 | B2: ='nebuleair_export (1)'!B2*'Calcul des facteurs'!#REF!+'Calcul des facteurs'!#REF! -> #REF! | C2: ='nebuleair_export (1)'!C2*'Calcul des facteurs'!$B$4+'Calcul des facteurs'!$C$4 -> 3.2639083 | D2: ='nebuleair_export (1)'!D2*'Calcul des facteurs'!$B$5+'Calcul des facteurs'!$C$5 -> 6.1668293
A3: 26/01/2026 16:15 | B3: ='nebuleair_export (1)'!B3*'Calcul des facteurs'!#REF!+'Calcul des facteurs'!#REF! -> #REF! | C3: ='nebuleair_export (1)'!C3*'Calcul des facteurs'!$B$4+'Calcul des facteurs'!$C$4 -> 3.7954648 | D3: ='nebuleair_export (1)'!D3*'Calcul des facteurs'!$B$5+'Calcul des facteurs'!$C$5 -> 7.1392596
A4: 26/01/2026 16:30 | B4: ='nebuleair_export (1)'!B4*'Calcul des facteurs'!#REF!+'Calcul des facteurs'!#REF! -> #REF! | C4: ='nebuleair_export (1)'!C4*'Calcul des facteurs'!$B$4+'Calcul des facteurs'!$C$4 -> 2.7065124 | D4: ='nebuleair_export (1)'!D4*'Calcul des facteurs'!$B$5+'Calcul des facteurs'!$C$5 -> 5.3000979
A5: 26/01/2026 16:45 | B5: ='nebuleair_export (1)'!B5*'Calcul des facteurs'!#REF!+'Calcul des facteurs'!#REF! -> #REF! | C5: ='nebuleair_export (1)'!C5*'Calcul des facteurs'!$B$4+'Calcul des facteurs'!$C$4 -> 2.6880555 | D5: ='nebuleair_export (1)'!D5*'Calcul des facteurs'!$B$5+'Calcul des facteurs'!$C$5 -> 5.2004389
A6: 26/01/2026 17:00 | B6: ='nebuleair_export (1)'!B6*'Calcul des facteurs'!#REF!+'Calcul des facteurs'!#REF! -> #REF! | C6: ='nebuleair_export (1)'!C6*'Calcul des facteurs'!$B$4+'Calcul des facteurs'!$C$4 -> 2.4813391 | D6: ='nebuleair_export (1)'!D6*'Calcul des facteurs'!$B$5+'Calcul des facteurs'!$C$5 -> 5.1068198
A7: 26/01/2026 17:15 | B7: ='nebuleair_export (1)'!B7*'Calcul des facteurs'!#REF!+'Calcul des facteurs'!#REF! -> #REF! | C7: ='nebuleair_export (1)'!C7*'Calcul des facteurs'!$B$4+'Calcul des facteurs'!$C$4 -> 3.7954648 | D7: ='nebuleair_export (1)'!D7*'Calcul des facteurs'!$B$5+'Calcul des facteurs'!$C$5 -> 6.4507064
A8: 26/01/2026 17:30 | B8: ='nebuleair_export (1)'!B8*'Calcul des facteurs'!#REF!+'Calcul des facteurs'!#REF! -> #REF! | C8: ='nebuleair_export (1)'!C8*'Calcul des facteurs'!$B$4+'Calcul des facteurs'!$C$4 -> 3.7253288 | D8: ='nebuleair_export (1)'!D8*'Calcul des facteurs'!$B$5+'Calcul des facteurs'!$C$5 -> 6.5111058
A9: 26/01/2026 17:45 | B9: ='nebuleair_export (1)'!B9*'Calcul des facteurs'!#REF!+'Calcul des facteurs'!#REF! -> #REF! | C9: ='nebuleair_export (1)'!C9*'Calcul des facteurs'!$B$4+'Calcul des facteurs'!$C$4 -> 4.670318 | D9: ='nebuleair_export (1)'!D9*'Calcul des facteurs'!$B$5+'Calcul des facteurs'!$C$5 -> 7.6405746
A10: 26/01/2026 18:00 | B10: ='nebuleair_export (1)'!B10*'Calcul des facteurs'!#REF!+'Calcul des facteurs'!#REF! -> #REF! | C10: ='nebuleair_export (1)'!C10*'Calcul des facteurs'!$B$4+'Calcul des facteurs'!$C$4 -> 5.582085 | D10: ='nebuleair_export (1)'!D10*'Calcul des facteurs'!$B$5+'Calcul des facteurs'!$C$5 -> 8.4167069
A11: 26/01/2026 18:15 | B11: ='nebuleair_export (1)'!B11*'Calcul des facteurs'!#REF!+'Calcul des facteurs'!#REF! -> #REF! | C11: ='nebuleair_export (1)'!C11*'Calcul des facteurs'!$B$4+'Calcul des facteurs'!$C$4 -> 4.4968239 | D11: ='nebuleair_export (1)'!D11*'Calcul des facteurs'!$B$5+'Calcul des facteurs'!$C$5 -> 7.0184608
A12: 26/01/2026 18:30 | B12: ='nebuleair_export (1)'!B12*'Calcul des facteurs'!#REF!+'Calcul des facteurs'!#REF! -> #REF! | C12: ='nebuleair_export (1)'!C12*'Calcul des facteurs'!$B$4+'Calcul des facteurs'!$C$4 -> 4.2568853 | D12: ='nebuleair_export (1)'!D12*'Calcul des facteurs'!$B$5+'Calcul des facteurs'!$C$5 -> 6.9792012
A13: 26/01/2026 18:45 | B13: ='nebuleair_export (1)'!B13*'Calcul des facteurs'!#REF!+'Calcul des facteurs'!#REF! -> #REF! | C13: ='nebuleair_export (1)'!C13*'Calcul des facteurs'!$B$4+'Calcul des facteurs'!$C$4 -> 4.6149476 | D13: ='nebuleair_export (1)'!D13*'Calcul des facteurs'!$B$5+'Calcul des facteurs'!$C$5 -> 6.9610814
... A1046: 06/02/2026 13:00 | B1046: ='nebuleair_export (1)'!B1046*'Calcul des facteurs'!#REF!+'Calcul des facteurs'!#REF! -> #REF! | C1046: ='nebuleair_export (1)'!C1046*'Calcul des facteurs'!$B$4+'Calcul des facteurs'!$C$4 -> 4.8032072 | D1046: ='nebuleair_export (1)'!D1046*'Calcul des facteurs'!$B$5+'Calcul des facteurs'!$C$5 -> 8.1932291

Sheet Calcul des facteurs
B1: Justesse | F1: Linéarité | H1: MAPE | I1: RSS | J1: U(ci) | K1: U(ci)% | L1: Saisie min
B2: Formule pente | D2: Formule droitereg
A3: Polluant | B3: a | C3: b | D3: a | E3: b
A4: PM2.5 | B4: =SLOPE(Comparaison!G2:G1046,Comparaison!C2:C1046) -> 1.1074092 | C4: =INTERCEPT(Comparaison!G2:G1046,Comparaison!C2:C1046) -> 0.29974298 | D4: {=LINEST(Comparaison!G2:G1046,Comparaison!C2:C1046)} -> 1.1074092 | E4: 0.29974298 | F4: =RSQ(Comparaison!G2:G1046,Comparaison!C2:C1046) -> 0.82620113 | G4: =CORREL(Comparaison!G2:G1046,Comparaison!C2:C1046)^2 -> 0.82620113 | H4: {=AVERAGE(ABS(Comparaison!C2:C1046-Correction!C2:C1046)/Comparaison!C2:C1046*100)} -> 20.386654 | I4: {=SUMPRODUCT((Comparaison!G2:G1046-Correction!C2:C1046)^2)} -> 6445.8829 | J4: =2*SQRT((I4/(COUNT(Comparaison!G2:G1046)-2))+('Calcul des facteurs'!E4+('Calcul des facteurs'!D4-1)*50)^2) -> 12.382464 | K4: =(J4/50)*100 -> 24.764927 | L4: =COUNT(Comparaison!G2:G1046)/ROWS(Comparaison!G2:G1046)*100 -> 100
A5: PM10 | B5: =SLOPE(Comparaison!H2:H1046,Comparaison!D2:D1046) -> 0.90599097 | C5: =INTERCEPT(Comparaison!H2:H1046,Comparaison!D2:D1046) -> 2.7029238 | D5: {=LINEST(Comparaison!H2:H1046,Comparaison!D2:D1046)} -> 0.90599097 | E5: 2.7029238 | F5: =RSQ(Comparaison!H2:H1046,Comparaison!D2:D1046) -> 0.74205978 | G5: =CORREL(Comparaison!H2:H1046,Comparaison!D2:D1046)^2 -> 0.74205978 | H5: {=AVERAGE(ABS(Comparaison!D2:D1046-Correction!D2:D1046)/Comparaison!D2:D1046*100)} -> 50.695784 | I5: {=SUMPRODUCT((Comparaison!H2:H1046-Correction!D2:D1046)^2)} -> 13333.354 | J5: =2*SQRT((I5/(COUNT(Comparaison!H2:H1046)-2))+('Calcul des facteurs'!E5+('Calcul des facteurs'!D5-1)*50)^2) -> 8.1911594 | K5: =(J5/50)*100 -> 16.382319 | L5: =COUNT(Comparaison!H2:H1046)/ROWS(Comparaison!H2:H1046)*100 -> 100
D7: {=LINEST(Correction!C2:C1046,Comparaison!G2:G1046)} -> 0.82620113 | E7: 1.1462077 | G7: =CORREL(Comparaison!G2:G1046,Correction!C2:C1046)^2 -> 0.82620113

Sheet Tracés
